title,year,tmdb_id
1978 Live! The First Annual 'Gonstas',2025,
28 Years Later,2025,
40 Acres,2025,
69,2025,
A Gilded Game,2025,
A Normal Woman,2025,
A Spartan Dream,2025,
A Widow's Game,2025,
A little reality... a lot of imagination,2025,
AAA Triplemanía XXXIII,2025,
AEW All In: Texas - Zero Hour,2025,
Aap Jaisa Koi,2025,
Abandoned Man,2025,
Abraham's Boys,2025,
Adulthood,2025,
Ali Reincarnated: Michel Rivera,2025,
Almost Cops,2025,
Almost Family,2025,
Ambulance,2025,
American Sweatshop,2025,
An American Werewolf in July,2025,
An Endless Wedding,2025,
An Honest Life,2025,
Andere Eltern - Die 1. Klasse,2025,
Apocalypse in the Tropics,2025,
"Ardisson, l'Homme en Noir : l'hommage",2025,
Armstrong,2025,
Assassination: 1932,2025,
Auf der Walz – Drei Jahre und ein Tag,2025,
Aztec Batman: Clash of Empires,2025,
B.O.F DEBUT SHOWCASE,2025,
Bad Man,2025,
Bait,2025,
Ballerina,2025,
Barron's Cove,2025,
Battle of the Wolf,2025,
Bayo,2025,
Beck 52 - The Invisible Man,2025,
Big Phone,2025,
Birds in Maine,2025,
Birthrite,2025,
Blood & Myth,2025,
Blood Brothers: Bara Naga,2025,
Bodyguard of Lies,2025,
Bonjour Tristesse,2025,
Brick,2025,
Bride Hard,2025,
Bring Her Back,2025,
Bully,2025,
Bulong Ng Laman,2025,
Buried Alive,2025,
Caramel,2025,
Castration Movie Anthology ii. The Best of Both Worlds,2025,
Champions 24-25: The Inside Story,2025,
Chess Ham,2025,
Chiaroscuro,2025,
Christopher - A Beautiful Real Life,2025,
Closure Mandate,2025,
Clown in a Cornfield,2025,
Conversation avec Anne Fontaine,2025,
Crazy Horse Paris,2025,
Cztery Pory Roku,2025,
Dancing with the Devil: The Making of Sinners,2025,
Dangerous Animals,2025,
Day of a Lion,2025,
Days of August,2025,
Dead Box,2025,
Dear Men,2025,
Dear Viv,2025,
Death Letter Blues,2025,
Death Name,2025,
Deep Cover,2025,
Deive Leonardo - Antes & Depois,2025,
Descendent,2025,
Detective Kibbles: Part 2 | Remastered,2025,
Diablo,2025,
Die Kinderschwindlerin,2025,
Die'ced: Reloaded,2025,
Dinosaur Farm B&W,2025,
Dirty Boy,2025,
Dogs on the Sendero,2025,
Don Pollo: King of Ohio,2025,
Don't Open The Door During Dinner,2025,
Donuts,2025,
Dora and the Search for Sol Dorado,2025,
Dream,2025,
Dusty Slay: Wet Heat,2025,
"ESPECTACULAR, EL CORTOMETRAJE",2025,
Echo Valley,2025,
Eddington,2025,
Eenie Meanie,2025,
Ein ganz großes Ding,2025,
Electric Child,2025,
Elio,2025,
Et Tu,2025,
Eth Nerathaanavo,2025,
Existential Risk,2025,
Experiments#1 - Metamorphosis,2025,
F1,2025,
Fall for Me,2025,
Falling from Grace,2025,
Faster,2025,
Feeder,2025,
Feste feiern,2025,
Fifty Fifty,2025,
Final Destination Bloodlines,2025,
Finding Nina,2025,
Fixed,2025,
Folk Soul Ferryman,2025,
Follow,2025,
For I Have Sinned,2025,
For My Country,2025,
Fragment of a Lover’s Discourse,2025,
Frank and Three,2025,
Frayed,2025,
"From ""In the Mix"" to ""In the Playoffs""",2025,
Frozen: The Hit Broadway Musical,2025,
GCW Josh Barnett's Bloodsport XIV,2025,
Get Off My Lawn,2025,
Going Pop,2025,
Gold Rush Gang,2025,
Good News,2025,
Graduation Trip: Mallorca,2025,
Great White Waters,2025,
Grounded in Love,2025,
Grow,2025,
Guns Up,2025,
HELLO JOSEPH,2025,
Haan Main Pagal Haan,2025,
Halabala,2025,
Halfway to Amarillo,2025,
Happy Gilmore 2,2025,
Harvest,2025,
Have A Word: The 24 Special,2025,
Have A Word: The Big Fat Family For-Get The Lyrics Quiz of the Naughty(s) and 90s (with Buzzcocks),2025,
Heads of State,2025,
Heat,2025,
Hidden in the Kunlun,2025,
Hierarchy,2025,
Highest 2 Lowest,2025,
Hipak,2025,
Hitler's invasion of the Soviet Union: Operation Barbarossa | DW Documentary,2025,
Holy Night: Demon Hunters,2025,
Hot Milk,2025,
House on Eden,2025,
How Did I Get Here,2025,
How to Train Your Dragon,2025,
I Became the Main Role of a BL Drama 2,2025,
I'm Not Supposed to Be Here,2025,
I'm Still a Superstar,2025,
Icarus,2025,
Ice Road: Vengeance,2025,
Illusions,2025,
In Vitro,2025,
Inspector Zende,2025,
"It's Never Over, Jeff Buckley",2025,
It's Worth It by Dani Rovira,2025,
Iyanu: The Age of Wonders,2025,
Jaat,2025,
Jaws @ 50: The Definitive Inside Story,2025,
Jeff Bridges: A Reluctant Star,2025,
Jim Jefferies: Two Limb Policy,2025,
Jimmy Rollins: My Way,2025,
June & John,2025,
Jurassic World Rebirth,2025,
Jurassic World Rebirth: The Making of a New Era,2025,
Just Breathe,2025,
K.O.,2025,
KPop Demon Hunters,2025,
KULPIYAM: The Xavier Savage Story,2025,
Kaiju No. 8: Mission Recon,2025,
Kalakal,2025,
Kandungan,2025,
Karate Kid: Legends,2025,
Kayara,2025,
Khaki Fever,2025,
Killstreak,2025,
King Ivory,2025,
Kontrabida,2025,
Kontrabida Academy,2025,
Krypto Saves the Day!: School Bus Scuffle,2025,
L: Lakad,2025,
L: Langoy,2025,
La Grande Parade Festival Interceltique de Lorient 2025,2025,
La Velada del Año V - The Movie,2025,
Left-Handed Girl,2025,
Legends From The Past,2025,
Legends of the Condor Heroes: The Gallants,2025,
Lego Disney Princess: Villains Unite,2025,
Leçon de cinéma avec Wim Wenders,2025,
Life Is,2025,
Lilith Fair: Building a Mystery,2025,
Lilly Lives Alone,2025,
Lilo & Stitch,2025,
Little Trouble Girls,2025,
Loli + Momi,2025,
Lookout,2025,
Lost in Starlight,2025,
Love Is Overrated,2025,
Love Untangled,2025,
Lovesick,2025,
Low-Resolution Digital Cockroaches from Hell,2025,
Luccas e Gi em: Amor de Mãe,2025,
Lulu Is a Rhinoceros,2025,
M3GAN 2.0,2025,
Madea's Destination Wedding,2025,
Maelström,2025,
Malena sings the tango...,2025,
Marc Maron: Panicked,2025,
Margarita: The Musical,2025,
Martabat: Misi Berdarah,2025,
Materialists,2025,
McWalter,2025,
Mikaela,2025,
Miley Cyrus: Something Beautiful,2025,
Mission: Impossible - The Final Reckoning,2025,
Mission: Impossible - The Final Reckoning: Deleted Footage Montage,2025,
Miłość ma cztery łapy,2025,
Modern Folklore,2025,
Momo deal,2025,
Mononoke the Movie: Chapter II - The Ashes of Rage,2025,
Monster Island,2025,
Morph,2025,
Mountainhead,2025,
Muromachi Burai,2025,
My Oxford Year,2025,
NJPW G1 Climax 35: Day 10,2025,
NJPW G1 Climax 35: Day 11,2025,
NJPW G1 Climax 35: Day 12,2025,
NJPW G1 Climax 35: Day 13,2025,
NJPW G1 Climax 35: Day 14,2025,
NJPW G1 Climax 35: Day 15,2025,
NJPW G1 Climax 35: Day 16,2025,
NJPW G1 Climax 35: Day 17,2025,
NJPW G1 Climax 35: Day 18,2025,
NJPW G1 Climax 35: Day 19 (Final),2025,
NJPW G1 Climax 35: Day 5,2025,
NJPW G1 Climax 35: Day 6,2025,
NJPW G1 Climax 35: Day 7,2025,
NJPW G1 Climax 35: Day 8,2025,
NJPW G1 Climax 35: Day 9,2025,
NJPW New Japan Soul 2025 - Day 8,2025,
Nancy Rani,2025,
National Theatre Live: Retrograde,2025,
Ne Zha 2,2025,
Netflix Tudum 2025,2025,
Never a Thief,2025,
Nicolás de Jesús' Now You See Me...,2025,
Night Always Comes,2025,
Night Carnage,2025,
No Country For Old People; a Nursing Home Exposé,2025,
No Tears in Hell,2025,
Norma: Antara Mertua dan Menantu,2025,
North South,2025,
Nächte vor Hochzeiten,2025,
O Papa que Venceu o Comunismo,2025,
Obsesyon,2025,
Off the Grid,2025,
Office Worker,2025,
One Hit Wonder,2025,
Open,2025,
Ordures,2025,
Osiris,2025,
Our Times,2025,
PMMP keikalla: Ei enää ikinä,2025,
Pasilip Ni Azi,2025,
Pavlov’s Dog,2025,
Per Anhalter zur Ostsee,2025,
Pihit,2025,
Planet Single: Greek Adventure,2025,
Plateau,2025,
Please Don't Destroy LIVE,2025,
Plinko and Mark,2025,
Plum Blossom in March,2025,
Post Obitum,2025,
Predator: Killer of Killers,2025,
Pretty Thing,2025,
Prime Time: Chris Colbert,2025,
Prisoner of War,2025,
Push,2025,
Quebrado,2025,
Queen of Manhattan,2025,
ROH Death Before Dishonor 2025,2025,
ROH Supercard of Honor 2025,2025,
Ralph Barbosa: Planet Bosa,2025,
Ranganaayaki,2025,
Real Life,2025,
Reclaim the Flag,2025,
Red Sonja,2025,
Relentless Fury,2025,
Renegade Immortal: Battle of Gods,2025,
Rennie,2025,
Rent a Room,2025,
Reset,2025,
Restart,2025,
RevPro 13 Year Anniversary Show - Day 2,2025,
RevPro Summer Sizzler 2025,2025,
Risqué,2025,
Roadrunners,2025,
Romancing Sydney,2025,
SARIT & SIRA BROTHERS,2025,
STRAW,2025,
Sa Gabing Mainit,2025,
Sabu,2025,
Saint Clare,2025,
Saiyaara,2025,
Salakaar,2025,
Same Day with Someone,2025,
Sarzameen,2025,
Sebelum Senja Berakhir,2025,
Seeking Haven for Mr. Rambo,2025,
Semi-Soeter,2025,
Sempre Rir,2025,
Sendai Girls SENJO The New Era,2025,
Shadow Force,2025,
Shaman,2025,
Sharks Up Close with Bertie Gregory,2025,
She Said Maybe,2025,
Shinsei Galverse,2025,
Simple Plan: The Kids in the Crowd,2025,
Sinners,2025,
Sipsipan,2025,
Sitaare Zameen Par,2025,
Site,2025,
Sleep Stalker,2025,
Smurfs,2025,
Snoopy Presents: A Summer Musical,2025,
Somnium,2025,
Song From A House,2025,
Songs of Paradise,2025,
Sorority,2025,
"Sorry, Baby",2025,
Sovereign,2025,
Spermageddon,2025,
Squid Game in Conversation,2025,
Stalkers,2025,
Stans,2025,
Star People,2025,
Stardom Nighter 2025 in Korakuen Jul.,2025,
Steve,2025,
Stolen: Heist of the Century,2025,
Strange Stories of Five Lives River,2025,
Stranger's Pawn,2025,
Sugar Mill,2025,
Sugar Sugar Rune Les deux sorcières,2025,
Sunday Best: The Untold Story of Ed Sullivan,2025,
Superman,2025,
Sweet Revenge,2025,
Swiped,2025,
TJPW Summer Sun Princess '25,2025,
TKO,2025,
TNA Emergence 2025,2025,
TNA Slammiversary 2025,2025,
Taandob,2025,
Tehran,2025,
Thalaivan Thalaivii,2025,
The Academy,2025,
The Accountant²,2025,
The Amateur,2025,
The Bad Guys 2,2025,
The Black Building,2025,
The Curse of the Rabbit Deity,2025,
The Edge,2025,
The Final Run,2025,
The Firebird,2025,
The Four Bad Boys and Me,2025,
The Heart Knows,2025,
The Home,2025,
The Hunt For Shannon Matthews,2025,
The Kim Kardashian Diamond Heist,2025,
The Klimperclown,2025,
The Life of Chuck,2025,
The Little Hotel Detective,2025,
The Lost Bus,2025,
The Madness of David Judge,2025,
The Man in My Basement,2025,
The Map That Leads to You,2025,
The Nature of Us,2025,
The Occupant,2025,
The Old Guard 2,2025,
The Phoenician Scheme,2025,
The Pickup,2025,
The Plastic Men,2025,
The Polo Bear Chronicles: Operation Black Tie,2025,
The Quiet Ones,2025,
The Reunion,2025,
The Scars of Our Hands,2025,
The Serial Killer's Apprentice,2025,
The Siege at Thorn High,2025,
The Stone,2025,
The Thursday Murder Club,2025,
The Truth About Jussie Smollett?,2025,
The Ultimate Vendetta,2025,
The Unholy Trinity,2025,
The Workout,2025,
The Wrong Paris,2025,
The death of the Conducător (a Christmas film),2025,
Third Wheel,2025,
Three Heroes. Daily Tales 2,2025,
Thunderbolts*,2025,
Tim Burton : Un monstre de cinéma,2025,
Tim Travers and the Time Traveler's Paradox,2025,
Titan: The OceanGate Submersible Disaster,2025,
Tongue,2025,
Tourist Family,2025,
Toxic,2025,
Trainwreck: Balloon Boy,2025,
Trainwreck: P.I. Moms,2025,
Trainwreck: The Real Project X,2025,
Trauma,2025,
Traveler,2025,
Trianggulo,2025,
Tributo: Francisco Cuoco,2025,
Trouble Man!,2025,
Tusok Tusok,2025,
Twin Towers: Legacy,2025,
UFC Fight Night 257: Walker vs. Zhang,2025,
UFC Fight Night 259: Lopes vs. Silva,2025,
UFC on ABC 9: Whittaker vs. de Ridder,2025,
UFC on ESPN 71: Taira vs. Park,2025,
UFC on ESPN 72: Dolidze vs. Hernandez,2025,
Ultimate Mission,2025,
Undercover. Inside the Bunker,2025,
Unknown Number: The High School Catfish,2025,
Unsaved,2025,
Untold,2025,
Utshob,2025,
Vacation Time,2025,
Victoria's Silver,2025,
Vir Das: Fool Volume,2025,
WWE Clash in Paris 2025,2025,
Wake Up Dead Man: A Knives Out Mystery,2025,
Wall to Wall,2025,
War of the Worlds,2025,
War on Drug,2025,
We Strangers,2025,
We Trapped 20 YouTubers in a Haunted City,2025,
We're Not Safe Here,2025,
Wes and Kyra,2025,
What We Hide,2025,
What is Your Name?,2025,
When We Went MAD!,2025,
Will We Dance Tomorrow?,2025,
Wim Wenders: Der ewig Suchende,2025,
Wolfgang Niedecken’s BAP: W:O:A 2025,2025,
Worker,2025,
Yang Tersisa Hanya Cinta,2025,
Yellowstone: King of Montana,2025,
"Yours, C Tour Documentary",2025,
Z-O-M-B-I-E-S 4: Dawn of the Vampires,2025,
Zarna Garg: Practical People Win,2025,
Ziam,2025,
Жизнь по вызову. Фильм,2025,
アンティゴネイタス,2025,
ドジで、タメ口で、すぐ不貞腐れるけど なんだかんだ性処理ご奉仕だけは絶対に手を抜かない 正直で実直で可愛すぎる【僕専属】気まぐれメイド,2025,
危情风云,2025,
只是一陣一陣,2025,
昆仑传,2025,
永不失联的爱,2025,
白云斋怪话,2025,
铁血金盾,2025,
Celestina: Burlesk Dancer,2024,
Elisabeth: The Musical Live,2024,
Game On,2024,
Meat,2024,
Milk Teeth,2024,
Night Shift,2024,
Párvulos: Children of the Apocalypse,2024,
Roots,2024,
Salli,2024,
Songs from the Hole,2024,
The Cellar,2024,
Young Hearts,2024,
given the Movie: To the Sea,2024,
Rascal Does Not Dream of a Knapsack Kid,2023,
The Drowned,2023,
The Owner,2023,
